"alpha3_code","species","type","esq","a","b"
"COZ","Anadara antiquata","ShL",,0.3101,2.713
"COZ","Anadara antiquata","ShL",,0.2426,2.917
"COZ","Atrina pectinata","ShL",,0.0138,2.982
"COZ","Atrina pectinata","ShL",,0.0208,3.096
"COZ","Donax cuneatus","ShL",,0.2891,2.808
"COZ","Donax cuneatus","ShL",,0.1362,3.108
"COZ","Donax faba","ShL",,0.2085,3.173
"COZ","Marcia hiantina","ShL",,1.201,2.444
"COZ","Marcia hiantina","ShL",,1.286,2.448
"COZ","Marcia hiantina","ShL",,1.004,2.63
"COZ","Pinctada margaritifera","ShD",,3.0061,3.048
"COZ","Pinctada radiata","ShH","Yes",0.0773,2.198
"COZ","Pinctada radiata","ShH","Yes",0.0596,2.205
"COZ","Pinctada radiata","ShH",,0.321,2.776
"COZ","Pinctada radiata","ShH",,0.2104,2.907
"COZ","Pinctada radiata","ShH",,0.1105,3.001
"COZ","Pinctada radiata","OT","Yes",0.7638,1.547
"COZ","Pinctada radiata","ShH",,0.0052,3.111
"COZ","Tegillarca granosa","ShL",,0.8582,2.153
"COZ","Tegillarca granosa","ShL",,0.346,2.238
"COZ","Tegillarca granosa","ShL",,0.4358,2.728
"COZ","Tegillarca granosa","ShL",,0.4513,2.82
"COZ","Tegillarca granosa","ShL",,0.3746,2.937
"COZ","Tegillarca granosa","ShL",,0.3638,3.044
"COZ","Tegillarca granosa","ShL",,0.3167,3.096
"COZ","Tegillarca granosa","ShL",,0.245,3.295
"COZ","Tegillarca granosa","ShL",,0.245,3.373
"COZ","Tridacna gigas","ShL",,4.552,3
"COZ","Tridacna maxima","ShL",,0.121,3.134
"COZ","Tridacna maxima","ShL",,0.1123,3.163
"CRA","Ashtoret lunaris","CW","Yes",0.3936,2.32
"CRA","Ashtoret lunaris","CW","Yes",0.271,2.48
"CRA","Ashtoret lunaris","CL",,0.538,2.711
"CRA","Ashtoret lunaris","CW",,0.1241,2.833
"CRA","Ashtoret lunaris","CW","Yes",0.3936,2.32
"CRA","Ashtoret lunaris","CW","Yes",0.271,2.48
"CRA","Ashtoret lunaris","CL",,0.538,2.711
"CRA","Ashtoret lunaris","CW",,0.1241,2.833
"CRA","Charybdis annulata","CW",,0.618,2.323
"CRA","Charybdis feriatus","CW","Yes",1.3167,2.18
"CRA","Charybdis feriatus","CW",,0.64,2.66
"CRA","Charybdis feriatus","CW",,0.49,2.73
"CRA","Charybdis feriatus","CW",,0.54,2.78
"CRA","Charybdis feriatus","CW",,0.338,2.83
"CRA","Charybdis feriatus","CW",,0.59,2.83
"CRA","Charybdis feriatus","CW",,0.0871,2.94
"CRA","Charybdis feriatus","CW",,0.0784,2.94
"CRA","Charybdis feriatus","CW",,0.0653,2.97
"CRA","Charybdis feriatus","CL",,0.1752,2.985
"CRA","Charybdis feriatus","CW",,0.156,3.005
"CRA","Charybdis feriatus","CW",,0.0374,3.01
"CRA","Charybdis feriatus","CW",,0.139,3.071
"CRA","Charybdis feriatus","CW",,0.14,3.078
"CRA","Grapsus albolineatus","CW",,1.0546,2.068
"CRA","Matuta planipes","CW","Yes",0.3396,2.35
"CRA","Matuta planipes","CL",,0.615,2.397
"CRA","Matuta planipes","CL","Yes",0.4742,2.555
"CRA","Matuta planipes","CW","Yes",0.2679,2.61
"CRA","Matuta planipes","CW","Yes",0.184,2.65
"CRA","Matuta planipes","CL",,0.52,2.724
"CRA","Matuta planipes","CW",,0.128,2.917
"CRA","Matuta planipes","CL",,0.272,3.011
"CRA","Myra fugax","CL","Yes",0.0021,2.413
"CRA","Myra fugax","CL",,0.0013,2.566
"CRA","Myra fugax","CW",,0.0019,2.632
"CRA","Myra fugax","CW",,0.0014,2.741
"CRA","Myra fugax","CL",,5e-04,2.833
"CRA","Myra fugax","CW",,8e-04,2.908
"CRA","Podophthalmus vigil","CW","Yes",0.3687,2.397
"CRA","Portunus pelagicus","CW","Yes",1.8368,1.72
"CRA","Portunus pelagicus","CW","Yes",1.2035,1.85
"CRA","Portunus pelagicus","CL","Yes",0.0216,2.34
"CRA","Portunus pelagicus","CL","Yes",0.9672,2.44
"CRA","Portunus pelagicus","CL","Yes",1.2974,2.511
"CRA","Portunus pelagicus","CW",,0.204,2.56
"CRA","Portunus pelagicus","CW",,0.36,2.567
"CRA","Portunus pelagicus","CW",,0.26,2.665
"CRA","Portunus pelagicus","CL","Yes",0.9796,2.69
"CRA","Portunus pelagicus","CW",,0.3478,2.719
"CRA","Portunus pelagicus","CW","Yes",0.5248,2.72
"CRA","Portunus pelagicus","CW",,0.2171,2.725
"CRA","Portunus pelagicus","CL",,0.2888,2.73
"CRA","Portunus pelagicus","CW",,0.112,2.748
"CRA","Portunus pelagicus","CW",,0.1143,2.757
"CRA","Portunus pelagicus","CW",,0.1198,2.79
"CRA","Portunus pelagicus","CW",,0.1694,2.839
"CRA","Portunus pelagicus","CW",,0.0855,2.86
"CRA","Portunus pelagicus","CL",,0.8845,2.868
"CRA","Portunus pelagicus","CW",,0.0784,2.894
"CRA","Portunus pelagicus","CW",,0.1568,2.894
"CRA","Portunus pelagicus","CW",,1.17,2.91
"CRA","Portunus pelagicus","CL",,0.967,2.91
"CRA","Portunus pelagicus","CW",,0.0834,2.921
"CRA","Portunus pelagicus","CW",,0.1668,2.921
"CRA","Portunus pelagicus","CW",,1.21,2.94
"CRA","Portunus pelagicus","CW",,0.8138,2.95
"CRA","Portunus pelagicus","CW",,1.25,2.97
"CRA","Portunus pelagicus","CW","Yes",0.9333,2.97
"CRA","Portunus pelagicus","CW",,0.1326,2.986
"CRA","Portunus pelagicus","CL",,1,3
"CRA","Portunus pelagicus","CL",,0.8559,3
"CRA","Portunus pelagicus","CL",,0.8212,3
"CRA","Portunus pelagicus","CW",,0.1302,3.009
"CRA","Portunus pelagicus","CW",,0.0628,3.02
"CRA","Portunus pelagicus","CW",,0.1312,3.028
"CRA","Portunus pelagicus","CW",,0.0557,3.047
"CRA","Portunus pelagicus","CW",,0.0679,3.056
"CRA","Portunus pelagicus","CW",,0.1148,3.11
"CRA","Portunus pelagicus","CW",,1.349,3.13
"CRA","Portunus pelagicus","CW",,0.0605,3.132
"CRA","Portunus pelagicus","CL",,0.1422,3.153
"CRA","Portunus pelagicus","CL",,0.451,3.177
"CRA","Portunus pelagicus","CW",,0.0425,3.186
"CRA","Portunus pelagicus","CW",,0.1016,3.213
"CRA","Portunus pelagicus","CW",,0.0404,3.219
"CRA","Portunus pelagicus","CW",,0.0285,3.221
"CRA","Portunus pelagicus","CW",,0.0292,3.253
"CRA","Portunus pelagicus","CW",,0.0356,3.259
"CRA","Portunus pelagicus","CW",,0.0466,3.26
"CRA","Portunus pelagicus","CL",,0.182,3.284
"CRA","Portunus pelagicus","CW",,0.0555,3.31
"CRA","Portunus pelagicus","CL",,0.1976,3.33
"CRA","Portunus pelagicus","CW",,0.022,3.342
"CRA","Portunus pelagicus","CW",,1.81,3.36
"CRA","Portunus pelagicus","CW",,0.0234,3.366
"CRA","Portunus pelagicus","CW",,0.0597,3.404
"CRA","Portunus pelagicus","CW",,2.7542,3.44
"CRA","Portunus pelagicus","CW",,0.0201,3.486
"CRA","Portunus pelagicus","CW",,0.0132,3.617
"CRA","Portunus sanguinolentus","CL","Yes",1.4009,2.385
"CRA","Portunus sanguinolentus","CL","Yes",1.2274,2.476
"CRA","Portunus sanguinolentus","CL",,1.2802,2.54
"CRA","Portunus sanguinolentus","CW",,0.1714,2.808
"CRA","Portunus sanguinolentus","CW",,0.0522,3.018
"CRA","Portunus sanguinolentus","CW",,0.1344,3.022
"CRA","Portunus sanguinolentus","CW",,0.05,3.054
"CRA","Portunus sanguinolentus","CW",,0.0482,3.06
"CRA","Portunus sanguinolentus","CW",,0.0474,3.062
"CRA","Portunus sanguinolentus","CW",,0.0517,3.09
"CRA","Portunus sanguinolentus","CW",,0.0415,3.1
"CRA","Portunus sanguinolentus","CL",,0.0377,3.178
"CRA","Portunus trituberculatus","CW","Yes",1.7084,2.4
"CRA","Portunus trituberculatus","CW","Yes",1.6159,2.423
"CRA","Portunus trituberculatus","CW",,0.1684,2.597
"CRA","Portunus trituberculatus","ShW",,0.1329,2.647
"CRA","Portunus trituberculatus","CW",,0.1346,2.656
"CRA","Portunus trituberculatus","CW",,0.0518,3.025
"CRA","Portunus trituberculatus","CL",,0.4631,3.068
"CRA","Portunus trituberculatus","CL",,0.0368,3.169
"CRA","Ranina ranina","CL",,0.428,2.866
"CRA","Ranina ranina","CL",,0.2598,3.093
"CRA","Ranina ranina","CL",,0.2313,3.16
"CRA","Scylla olivacea","CW",,0.2153,2.925
"CRA","Scylla olivacea","CW",,0.1702,3.035
"CRA","Scylla paramamosain","CW",,0.2241,3
"CRA","Scylla serrata","CL",,1.8854,2.246
"CRA","Scylla serrata","CW",,0.5405,2.26
"CRA","Scylla serrata","CL",,1.4928,2.375
"CRA","Scylla serrata","CW",,0.6262,2.397
"CRA","Scylla serrata","CW",,0.6093,2.398
"CRA","Scylla serrata","CW","Yes",0.5035,2.481
"CRA","Scylla serrata","CW",,0.5373,2.484
"CRA","Scylla serrata","CW",,1.0747,2.51
"CRA","Scylla serrata","CW",,0.596,2.52
"CRA","Scylla serrata","CW",,0.3378,2.52
"CRA","Scylla serrata","CL",,1.4902,2.55
"CRA","Scylla serrata","CW",,0.4325,2.571
"CRA","Scylla serrata","CL",,1.0009,2.602
"CRA","Scylla serrata","CW",,0.9722,2.632
"CRA","Scylla serrata","CW","Yes",0.458,2.653
"CRA","Scylla serrata","CW",,0.4507,2.658
"CRA","Scylla serrata","CW",,0.3335,2.69
"CRA","Scylla serrata","CW",,0.3407,2.718
"CRA","Scylla serrata","CL",,0.2856,2.755
"CRA","Scylla serrata","CW",,0.3433,2.767
"CRA","Scylla serrata","CL",,0.7003,2.857
"CRA","Scylla serrata","CL",,0.2514,2.87
"CRA","Scylla serrata","CL",,0.5664,2.973
"CRA","Scylla serrata","CW",,0.1946,2.981
"CRA","Scylla serrata","CW",,0.186,2.992
"CRA","Scylla serrata","CW",,0.1804,3.028
"CRA","Scylla serrata","CW",,0.151,3.067
"CRA","Scylla serrata","CW",,0.148,3.082
"CRA","Scylla serrata","CW",,0.1531,3.101
"CRA","Scylla serrata","CL",,0.4413,3.108
"CRA","Scylla serrata","CW",,0.1773,3.115
"CRA","Scylla serrata","CW",,0.1012,3.16
"CRA","Scylla serrata","CW",,0.0951,3.2
"CRA","Scylla serrata","CW",,0.1146,3.247
"CRA","Scylla serrata","CW",,0.0728,3.38
"CRA","Scylla serrata","CL",,0.2361,3.47
"CRA","Scylla serrata","CW",,0.0604,3.48
"CRA","Scylla serrata","CW","Yes",0.0427,3.54
"CRA","Scylla serrata","CW","Yes",0.036,3.549
"CRA","Thalamita crenata","CW",,0.3964,2.695
"CRA","Thalamita crenata","CL",,0.8573,2.729
"CRA","Thalamita crenata","CW",,0.3322,2.743
"CRA","Thalamita crenata","CW",,0.2672,2.825
"CRA","Thalamita crenata","CW",,0.2986,2.873
"CRA","Thalamita crenata","CW",,0.2066,3.014
"CRA","Thalamita crenata","CL",,0.6397,3.028
"CRA","Varuna litterata","CL",,0.2963,2.806
"CRA","Varuna litterata","CL",,0.2444,3.014
"CRA","Varuna litterata","CW",,0.1708,3.045
"CRA","Varuna litterata","CL",,0.2198,3.137
"CRA","Varuna litterata","CW",,0.1534,3.155
"CRA","Varuna litterata","CW",,0.1447,3.219
"CUX","Actinopyga echinites","TL","Yes",0.68,2
"CUX","Actinopyga echinites","TL",,0.1363,2.6
"CUX","Actinopyga echinites","TL","Yes",0.68,2
"CUX","Actinopyga echinites","TL",,0.1363,2.6
"CUX","Actinopyga mauritiana","TL","Yes",0.68,2
"CUX","Actinopyga mauritiana","TL",,0.1363,2.6
"CUX","Actinopyga miliaris","TL","Yes",0.2275,2.441
"CUX","Bohadschia argus","TL",,0.5863,2.802
"CUX","Bohadschia similis","TL","Yes",0.1945,2.411
"CUX","Bohadschia vitiensis","TL",,0.0514,2.961
"CUX","Holothuria atra","TL","Yes",0.4774,2.128
"CUX","Holothuria coluber","TL","Yes",0.3965,1.835
"CUX","Holothuria edulis","TL",,0.0745,2.554
"CUX","Holothuria flavomaculata","TL","Yes",0.1447,2.201
"CUX","Holothuria fuscogilva","TL","Yes",0.2813,2.407
"CUX","Holothuria fuscogilva","TL","Yes",0.0804,2.629
"CUX","Holothuria fuscopunctata","TL",,0.1699,2.506
"CUX","Holothuria hilla","TL","Yes",0.0531,2.373
"CUX","Holothuria leucospilota","TL",,0.0534,2.513
"CUX","Holothuria nobilis","TL",,0.3703,2.344
"CUX","Holothuria scabra","TL","Yes",3.06,1.61
"CUX","Holothuria scabra","TL","Yes",0.3312,2.277
"CUX","Pearsonothuria graeffei","TL","Yes",0.2507,2.217
"CUX","Stichopus chloronotus","TL","Yes",0.0022,2.1
"CUX","Stichopus chloronotus","TL","Yes",0.2809,2.102
"CUX","Stichopus variegatus","TL","Yes",0.1504,2.488
"CUX","Thelenota ananas","TL","Yes",0.0013,2.236
"CUX","Thelenota ananas","TL","Yes",0.2907,2.361
"CUX","Thelenota anax","TL",,0.0917,2.654
"FLY","Cypselurus poecilopterus","TL",,0.0071,3.084
"FLY","Exocoetus volitans","TL",,0.011,2.8
"FLY","Exocoetus volitans","TL",,0.009,2.847
"FLY","Exocoetus volitans","TL",,0.009,2.824
"FLY","Hirundichthys oxycephalus","FL",,1.10942,1.373
"FLY","Hirundichthys oxycephalus","FL",,0.47358,1.634
"GZP","Hemiramphus affinis","FL",,7e-04,3.575
"GZP","Hemirhamphus far","FL",,0.3298,1.831
"IAX","Euprymna morsei","ML",,0.7428,2.416
"IAX","Idiosepius pygmaeus","ML",,0.0977,1.689
"IAX","Idiosepius pygmaeus","ML",,0.1317,2.041
"IAX","Sepia aculeata","ML","Yes",0.4838,2.385
"IAX","Sepia aculeata","ML",,0.195,2.503
"IAX","Sepia aculeata","ML",,0.3145,2.556
"IAX","Sepia aculeata","ML",,0.2752,2.597
"IAX","Sepia aculeata","ML",,0.2521,2.607
"IAX","Sepia aculeata","ML",,0.2091,2.667
"IAX","Sepia aculeata","ML",,0.232,2.677
"IAX","Sepia aculeata","ML",,0.1913,2.743
"IAX","Sepia aculeata","ML",,0.1402,2.912
"IAX","Sepia aculeata","ML",,0.1064,3.208
"IAX","Sepia brevimana","ML",,0.2705,2.549
"IAX","Sepia brevimana","ML",,0.2411,2.599
"IAX","Sepia elliptica","ML","Yes",2.1932,1.65
"IAX","Sepia esculenta","ML",,0.4621,2.586
"IAX","Sepia esculenta","ML",,0.351,2.767
"IAX","Sepia kobiensis","ML",,0.4715,2.155
"IAX","Sepia kobiensis","ML",,0.1534,2.885
"IAX","Sepia pharaonis","ML",,0.3166,2.506
"IAX","Sepia pharaonis","ML",,0.2563,2.548
"IAX","Sepia pharaonis","ML",,0.3466,2.552
"IAX","Sepia pharaonis","ML",,0.3198,2.58
"IAX","Sepia pharaonis","ML",,0.2426,2.6
"IAX","Sepia pharaonis","ML",,0.28,2.6
"IAX","Sepia pharaonis","ML",,0.287,2.609
"IAX","Sepia pharaonis","ML",,0.2384,2.629
"IAX","Sepia pharaonis","ML",,0.2571,2.629
"IAX","Sepia pharaonis","ML",,0.27,2.65
"IAX","Sepia pharaonis","ML",,0.2777,2.693
"IAX","Sepia pharaonis","ML",,0.2315,2.719
"IAX","Sepia pharaonis","ML",,1.485,2.81
"IAX","Sepia pharaonis","ML",,0.1058,3
"IAX","Sepia recurvirostra","ML","Yes",0.4357,2.369
"IAX","Sepia recurvirostra","ML","Yes",0.3613,2.468
"IAX","Sepiella inermis","ML","Yes",0.9372,1.932
"IAX","Sepiella inermis","ML","Yes",0.5909,2.321
"IAX","Sepiella inermis","ML","Yes",0.5688,2.34
"IAX","Sepiella inermis","ML",,0.4322,2.594
"IAX","Sepiella inermis","ML",,0.6383,2.635
"MOO","Mene maculata","FL",,6e-05,2.842
"OCZ","Amphioctopus aegina","ML",,0.6506,2.336
"OCZ","Amphioctopus aegina","ML",,0.5745,2.417
"OCZ","Amphioctopus membranaceus","TL","Yes",0.0569,2.133
"OCZ","Amphioctopus membranaceus","ML",,0.5134,2.368
"OCZ","Amphioctopus membranaceus","TL","Yes",0.0212,2.372
"OCZ","Amphioctopus membranaceus","TL",,0.0048,2.684
"OCZ","Amphioctopus membranaceus","ML",,0.2636,2.722
"OCZ","Cistopus indicus","ML",,1.4011,2.192
"OCZ","Cistopus indicus","ML",,0.5196,2.693
"OCZ","Cistopus indicus","ML",,0.1322,3.121
"OCZ","Cistopus indicus","ML",,0.1411,3.15
"OCZ","Octopus cyanea","ML",,13.8898,1.526
"OCZ","Octopus cyanea","TL",,0.8314,1.566
"OCZ","Octopus cyanea","TL",,0.6798,1.605
"OCZ","Octopus cyanea","TL",,0.3199,1.781
"OCZ","Octopus cyanea","ML","Yes",4.0303,2.255
"OCZ","Octopus cyanea","ML",,1.5765,2.405
"OCZ","Octopus cyanea","ML","Yes",2.3068,2.5
"OCZ","Octopus cyanea","ML",,1.2978,2.752
"OCZ","Octopus vulgaris","ML",,0.4373,2.89
"OCZ","Octopus vulgaris","ML",,0.485,2.908
"OCZ","Octopus vulgaris","ML",,0.42,2.987
"OCZ","Octopus vulgaris","ML",,0.8732,3.096
"OCZ","Octopus vulgaris","ML",,0.8772,3.098
"OCZ","Octopus vulgaris","ML",,0.9059,3.112
"PEZ","Alcockpenaeopsis hungerfordii","CL",,0.6709,2.53
"PEZ","Alcockpenaeopsis hungerfordii","CL",,0.5975,2.69
"PEZ","Alcockpenaeopsis hungerfordii","BL",,0.0097,3.1
"PEZ","Alcockpenaeopsis hungerfordii","BL",,0.0096,3.14
"PEZ","Litopenaeus stylirostris","TL",,0.0099,2.801
"PEZ","Litopenaeus stylirostris","TL",,0.0075,2.802
"PEZ","Litopenaeus stylirostris","TL",,0.01,2.822
"PEZ","Litopenaeus stylirostris","TL",,0.0101,2.834
"PEZ","Litopenaeus stylirostris","TL",,0.01,2.838
"PEZ","Litopenaeus stylirostris","TL",,0.01,2.84
"PEZ","Litopenaeus stylirostris","TL",,0.0098,2.945
"PEZ","Litopenaeus stylirostris","TL",,0.0071,3.002
"PEZ","Litopenaeus stylirostris","TL",,0.007,3.026
"PEZ","Litopenaeus stylirostris","TL",,0.0061,3.072
"PEZ","Litopenaeus stylirostris","TL",,0.0062,3.072
"PEZ","Litopenaeus vannamei","TL",,0.0121,2.738
"PEZ","Litopenaeus vannamei","TL",,0.0093,2.873
"PEZ","Litopenaeus vannamei","TL",,0.0113,2.876
"PEZ","Litopenaeus vannamei","TL",,0.0088,2.894
"PEZ","Litopenaeus vannamei","TL",,0.0091,2.915
"PEZ","Litopenaeus vannamei","TL",,0.0083,2.935
"PEZ","Litopenaeus vannamei","TL",,0.0084,2.935
"PEZ","Litopenaeus vannamei","TL",,0.0096,2.939
"PEZ","Litopenaeus vannamei","TL",,0.0079,2.966
"PEZ","Litopenaeus vannamei","TL",,0.0079,2.966
"PEZ","Litopenaeus vannamei","TL",,0.0079,2.97
"PEZ","Litopenaeus vannamei","TL",,0.0076,2.973
"PEZ","Litopenaeus vannamei","TL",,0.0076,2.975
"PEZ","Litopenaeus vannamei","TL",,0.0077,2.99
"PEZ","Litopenaeus vannamei","TL",,0.0077,2.991
"PEZ","Litopenaeus vannamei","TL",,0.0073,2.993
"PEZ","Litopenaeus vannamei","TL",,0.0074,3.008
"PEZ","Litopenaeus vannamei","TL",,0.0073,3.027
"PEZ","Litopenaeus vannamei","TL",,0.0069,3.029
"PEZ","Litopenaeus vannamei","TL",,0.0072,3.029
"PEZ","Litopenaeus vannamei","TL",,0.007,3.031
"PEZ","Litopenaeus vannamei","TL",,0.007,3.033
"PEZ","Litopenaeus vannamei","TL",,0.0069,3.042
"PEZ","Litopenaeus vannamei","TL",,0.0063,3.047
"PEZ","Litopenaeus vannamei","TL",,0.0066,3.051
"PEZ","Litopenaeus vannamei","TL",,0.0059,3.116
"PEZ","Litopenaeus vannamei","TL",,0.0129,3.261
"PEZ","Litopenaeus vannamei","TL","Yes",0.0046,3.655
"PEZ","Marsupenaeus japonicus","TL",,0.0337,2.57
"PEZ","Marsupenaeus japonicus","TL",,0.013,2.64
"PEZ","Marsupenaeus japonicus","CL",,6.9006,2.756
"PEZ","Marsupenaeus japonicus","TL",,0.0099,2.88
"PEZ","Marsupenaeus japonicus","BL",,0.0066,3.154
"PEZ","Marsupenaeus japonicus","CL",,5.9072,3.192
"PEZ","Marsupenaeus japonicus","TL",,0.0041,3.2
"PEZ","Marsupenaeus japonicus","TL",,0.0037,3.21
"PEZ","Marsupenaeus japonicus","CL",,5.917,3.216
"PEZ","Marsupenaeus japonicus","BL",,0.0044,3.315
"PEZ","Melicertus canaliculatus","TL",,0.0159,2.64
"PEZ","Melicertus canaliculatus","TL",,5e-04,4.05
"PEZ","Melicertus latisulcatus","CL","Yes",1.6152,2.209
"PEZ","Melicertus latisulcatus","CL","Yes",1.4446,2.283
"PEZ","Melicertus latisulcatus","TL",,0.0346,2.526
"PEZ","Melicertus latisulcatus","CL",,0.7944,2.657
"PEZ","Melicertus latisulcatus","CL",,0.7999,2.66
"PEZ","Melicertus latisulcatus","CL",,0.8098,2.701
"PEZ","Melicertus latisulcatus","CL",,0.7135,2.76
"PEZ","Melicertus latisulcatus","CL",,0.7201,2.764
"PEZ","Melicertus latisulcatus","TL",,0.0134,2.847
"PEZ","Melicertus latisulcatus","TL",,0.0092,2.96
"PEZ","Melicertus longistylus","CL",,0.7347,2.72
"PEZ","Melicertus longistylus","CL",,0.7102,2.81
"PEZ","Melicertus marginatus","CL","Yes",0.8696,2.477
"PEZ","Melicertus marginatus","CL",,0.7619,2.6
"PEZ","Melicertus marginatus","CL",,0.6933,2.652
"PEZ","Melicertus marginatus","TL",,0.007,2.977
"PEZ","Melicertus marginatus","TL",,0.0055,3.095
"PEZ","Melicertus marginatus","TL",,0.003,3.291
"PEZ","Metapenaeopsis barbata","CL",,2e-04,2.71
"PEZ","Metapenaeopsis barbata","CL",,0.931,2.841
"PEZ","Metapenaeopsis barbata","CL",,0.8441,2.864
"PEZ","Metapenaeopsis barbata","CL",,1e-04,3.06
"PEZ","Metapenaeopsis barbata","TL",,0.0035,3.273
"PEZ","Metapenaeopsis barbata","TL",,0.0028,3.376
"PEZ","Metapenaeopsis palmensis","CL",,3e-04,2.72
"PEZ","Metapenaeopsis palmensis","CL",,1e-04,3.15
"PEZ","Metapenaeopsis stridulans","TL",,0.011,2.83
"PEZ","Metapenaeopsis stridulans","TL",,0.0063,2.99
"PEZ","Metapenaeopsis stridulans","TL",,0.0063,3.04
"PEZ","Metapenaeus affinis","CL",,0.7254,2.75
"PEZ","Metapenaeus affinis","TL",,0.0126,2.787
"PEZ","Metapenaeus affinis","TL",,0.009,2.86
"PEZ","Metapenaeus affinis","CL",,0.6667,2.96
"PEZ","Metapenaeus affinis","BL",,0.0112,3.02
"PEZ","Metapenaeus affinis","BL",,0.0095,3.12
"PEZ","Metapenaeus affinis","TL",,0.004,3.13
"PEZ","Metapenaeus dobsoni","TL","Yes",0.0547,2.19
"PEZ","Metapenaeus dobsoni","TL",,0.0111,2.73
"PEZ","Metapenaeus dobsoni","TL",,0.0082,2.821
"PEZ","Metapenaeus dobsoni","TL",,0.0099,2.87
"PEZ","Metapenaeus dobsoni","TL",,0.0132,2.88
"PEZ","Metapenaeus dobsoni","TL",,0.0067,2.914
"PEZ","Metapenaeus dobsoni","TL",,0.0076,2.95
"PEZ","Metapenaeus dobsoni","TL",,0.0108,2.995
"PEZ","Metapenaeus dobsoni","TL",,0.0058,3.01
"PEZ","Metapenaeus dobsoni","TL",,0.0065,3.02
"PEZ","Metapenaeus dobsoni","TL",,0.0097,3.067
"PEZ","Metapenaeus dobsoni","TL",,0.0056,3.07
"PEZ","Metapenaeus dobsoni","TL",,0.0052,3.08
"PEZ","Metapenaeus dobsoni","TL",,0.0036,3.259
"PEZ","Metapenaeus dobsoni","TL","Yes",0.0016,3.564
"PEZ","Metapenaeus endeavouri","CL",,1.0482,2.79
"PEZ","Metapenaeus endeavouri","CL",,0.9685,2.81
"PEZ","Metapenaeus joyneri","CL",,0.7594,2.65
"PEZ","Metapenaeus joyneri","BL",,0.0114,2.89
"PEZ","Metapenaeus joyneri","CL",,0.6994,2.89
"PEZ","Metapenaeus joyneri","BL",,0.0086,3.07
"PEZ","Metapenaeus monoceros","TL","Yes",0.0339,2.3
"PEZ","Metapenaeus monoceros","TL","Yes",0.0283,2.494
"PEZ","Metapenaeus monoceros","TL",,0.0218,2.56
"PEZ","Metapenaeus monoceros","TL",,0.0145,2.59
"PEZ","Metapenaeus monoceros","CL",,0.8313,2.667
"PEZ","Metapenaeus monoceros","CL",,0.7831,2.725
"PEZ","Metapenaeus monoceros","TL",,0.0199,2.76
"PEZ","Metapenaeus monoceros","TL",,0.0135,2.782
"PEZ","Metapenaeus monoceros","TL",,0.0065,2.811
"PEZ","Metapenaeus monoceros","TL",,0.006,2.854
"PEZ","Metapenaeus monoceros","TL",,0.0094,2.944
"PEZ","Metapenaeus monoceros","TL",,0.0073,2.952
"PEZ","Metapenaeus monoceros","CL",,0.5322,3.137
"PEZ","Metapenaeus monoceros","TL",,0.0049,3.151
"PEZ","Metapenaeus monoceros","TL",,0.0043,3.19
"PEZ","Metapenaeus monoceros","TL",,0.004,3.251
"PEZ","Metapenaeus monoceros","TL",,0.0032,3.26
"PEZ","Metapenaeus monoceros","TL",,0.0038,3.273
"PEZ","Metapenaeus monoceros","TL",,0.0011,3.7
"PEZ","Parapenaeopsis hardwickii","CL",,0.5808,2.824
"PEZ","Parapenaeopsis hardwickii","CL",,0.5527,2.862
"PEZ","Parapenaeopsis hardwickii","TL",,0.0155,2.868
"PEZ","Parapenaeopsis stylifera","CL",,0.295,1.89
"PEZ","Parapenaeopsis stylifera","CL",,0.1877,2.28
"PEZ","Parapenaeopsis stylifera","TL",,0.011,2.758
"PEZ","Parapenaeopsis stylifera","TL",,0.0062,2.958
"PEZ","Parapenaeopsis stylifera","TL",,0.006,2.978
"PEZ","Parapenaeopsis stylifera","TL",,0.0022,3.3
"PEZ","Parapenaeopsis stylifera","TL","Yes",7e-04,4.09
"PEZ","Parapenaeopsis stylifera","TL","Yes",6e-04,4.13
"PEZ","Parapenaeus fissuroides","BL",,0.0147,2.783
"PEZ","Parapenaeus fissuroides","BL",,0.0138,2.818
"PEZ","Parapenaeus fissuroides","TL",,0.0075,3.179
"PEZ","Penaeus merguiensis","CL",,0.9147,2.785
"PEZ","Penaeus merguiensis","CL",,0.9497,2.802
"PEZ","Penaeus merguiensis","CL",,0.0912,2.982
"PEZ","Penaeus monodon","TL","Yes",0.0055,2.102
"PEZ","Penaeus monodon","TL",,0.751,2.299
"PEZ","Penaeus monodon","TL",,0.0418,2.432
"PEZ","Penaeus monodon","TL",,0.0329,2.48
"PEZ","Penaeus monodon","TL",,0.036,2.485
"PEZ","Penaeus monodon","TL",,0.0292,2.568
"PEZ","Penaeus monodon","TL",,0.0037,2.597
"PEZ","Penaeus monodon","TL",,0.0237,2.675
"PEZ","Penaeus monodon","BL",,0.0256,2.764
"PEZ","Penaeus monodon","BL",,0.0239,2.789
"PEZ","Penaeus monodon","BL",,0.0234,2.795
"PEZ","Penaeus monodon","BL",,0.023,2.803
"PEZ","Penaeus monodon","BL",,0.0506,2.851
"PEZ","Penaeus monodon","TL",,0.0111,2.86
"PEZ","Penaeus monodon","TL",,0.0105,2.87
"PEZ","Penaeus monodon","BL",,0.0186,2.911
"PEZ","Penaeus monodon","TL",,0.0523,2.94
"PEZ","Penaeus monodon","TL",,0.0089,2.96
"PEZ","Penaeus monodon","TL",,0.0077,2.96
"PEZ","Penaeus monodon","TL",,0.0088,2.97
"PEZ","Penaeus monodon","TL",,0.008,3
"PEZ","Penaeus monodon","TL",,0.0062,3.016
"PEZ","Penaeus monodon","TL",,0.0077,3.04
"PEZ","Penaeus monodon","TL",,0.0054,3.075
"PEZ","Penaeus monodon","TL",,0.0063,3.093
"PEZ","Penaeus monodon","TL",,0.915,3.106
"PEZ","Penaeus monodon","TL",,0.0056,3.147
"PEZ","Penaeus monodon","TL",,0.0042,3.15
"PEZ","Penaeus monodon","TL",,0.062,3.19
"PEZ","Penaeus monodon","TL",,0.0039,3.218
"PEZ","Penaeus monodon","TL",,0.0107,3.25
"PEZ","Penaeus monodon","TL",,0.0033,3.26
"PEZ","Penaeus monodon","TL",,0.0012,3.53
"PEZ","Penaeus monodon","TL",,6e-04,3.95
"PEZ","Penaeus penicillatus","CL","Yes",1.5555,2.34
"PEZ","Penaeus penicillatus","CL","Yes",1.4177,2.42
"PEZ","Penaeus penicillatus","BL",,0.0093,3.1
"PEZ","Penaeus penicillatus","BL",,0.0091,3.1
"PEZ","Penaeus semisulcatus","CL",,1.7082,2.31
"PEZ","Penaeus semisulcatus","CL","Yes",1.5492,2.42
"PEZ","Penaeus semisulcatus","CL","Yes",1.5477,2.427
"PEZ","Penaeus semisulcatus","CL",,1.3771,2.502
"PEZ","Penaeus semisulcatus","CL",,0.2539,2.644
"PEZ","Penaeus semisulcatus","CL",,0.253,2.666
"PEZ","Penaeus semisulcatus","CL",,1.1277,2.73
"PEZ","Penaeus semisulcatus","TL",,0.0162,2.742
"PEZ","Penaeus semisulcatus","CL",,0.9191,2.799
"PEZ","Penaeus semisulcatus","CL",,1.0976,2.81
"PEZ","Penaeus semisulcatus","CL",,0.865,2.92
"PEZ","Penaeus semisulcatus","CL",,0.9093,2.95
"PEZ","Penaeus semisulcatus","TL",,0.0077,2.96
"PEZ","Penaeus semisulcatus","TL",,0.0098,2.981
"PEZ","Penaeus semisulcatus","TL",,0.0096,3
"PEZ","Penaeus semisulcatus","TL",,0.0088,3
"PEZ","Penaeus semisulcatus","TL",,0.0072,3.04
"PEZ","Penaeus semisulcatus","TL",,0.0056,3.09
"PEZ","Penaeus semisulcatus","TL",,0.005,3.14
"PEZ","Penaeus semisulcatus","TL",,0.0054,3.174
"PEZ","Penaeus semisulcatus","TL",,0.0046,3.18
"PEZ","Penaeus semisulcatus","TL",,0.0045,3.25
"SFA","Istiophorus platypterus","FL",,4e-05,2.55
"SLV","Linuparus somniosus","CL",,0.3617,2.923
"SLV","Linuparus somniosus","TL",,0.0234,2.958
"SLV","Linuparus somniosus","TL",,0.0229,2.963
"SLV","Linuparus somniosus","TL",,0.0225,2.968
"SLV","Linuparus somniosus","CL",,0.3077,2.996
"SLV","Linuparus somniosus","CL",,0.2941,3.018
"SLV","Panulirus homarus","CL","Yes",12.882,2.15
"SLV","Panulirus homarus","TL","Yes",0.1949,2.17
"SLV","Panulirus homarus","TL","Yes",0.3487,2.28
"SLV","Panulirus homarus","TL","Yes",0.3093,2.3
"SLV","Panulirus homarus","TL",,0.1651,2.5
"SLV","Panulirus homarus","TL",,0.179,2.5
"SLV","Panulirus homarus","TL",,0.1456,2.56
"SLV","Panulirus homarus","CL",,9.1222,2.57
"SLV","Panulirus homarus","TL",,0.077,2.78
"SLV","Panulirus homarus","CL",,0.63,2.788
"SLV","Panulirus homarus","CL",,0.966,2.906
"SLV","Panulirus homarus","TL",,0.0526,2.921
"SLV","Panulirus homarus","CL",,1.187,2.961
"SLV","Panulirus homarus","TL",,0.0175,3.04
"SLV","Panulirus homarus","TL",,0.0374,3.078
"SLV","Panulirus ornatus","TL",,0.912,2.739
"SLV","Panulirus ornatus","TL",,0.0732,2.794
"SLV","Panulirus ornatus","CL",,1.2426,2.847
"SLV","Panulirus ornatus","CL",,1.0875,2.93
"SLV","Panulirus ornatus","CL",,0.377,2.996
"SLV","Panulirus penicillatus","CL",,0.167,2.74
"SLV","Panulirus penicillatus","CL",,0.121,2.75
"SLV","Panulirus penicillatus","CL",,0.538,2.895
"SLV","Panulirus polyphagus","TL",,0.0806,2.616
"SLV","Panulirus polyphagus","TL",,0.0472,2.802
"SLV","Panulirus polyphagus","CL",,0.4897,3.14
"SLV","Panulirus polyphagus","CL",,0.257,3.71
"SLV","Puerulus angulatus","CL","Yes",1.0172,2.454
"SLV","Puerulus angulatus","CL","Yes",1.0213,2.465
"SLV","Puerulus angulatus","CL",,0.7765,2.653
"SLV","Puerulus angulatus","TL",,0.0213,3.008
"SLV","Puerulus angulatus","TL",,0.0197,3.045
"SLV","Puerulus angulatus","TL",,0.0157,3.134
